ResponseId,DECISION,Progress,StartDate,DURATION,AGE,GENDER,EDUCATION,ETHNICITY,NATIVE.LANGUAGE,OTHER.LANGUAGE,ENGLISH.PROFICIENCY,SHIPLEY,HLVA,FACTOR3,mean.acc,mean.self
R_1pz11dzMuRmq94i,FALSE,100,2023-02-16T10:33:13Z,1201,19,Female,Further,White,English,NA,NA,26,6,44,0.65,6.2
R_3scqvPCPT1ZIGSR,FALSE,100,2023-02-16T10:48:14Z,2520,19,Female,Further,Asian,Other,cantonese,3,39,11,50,0.85,5.2
R_3G6YaGjiu4DCdN2,FALSE,100,2023-02-17T07:23:29Z,2467,18,Female,Further,White,English,NA,NA,40,11,45,0.75,6.6
R_1r2BGc5AoXCsDXJ,FALSE,100,2023-02-18T05:25:58Z,1374,24,Female,Further,White,English,NA,NA,35,8,52,0.85,7.2
R_1jOmqHITMhDNdCN,FALSE,100,2023-02-18T05:57:29Z,1522,18,Female,Further,White,English,NA,NA,34,4,40,0.6,4.8
R_2Sem4wLZ5TaX5cs,FALSE,100,2023-02-18T07:10:16Z,1131,18,Male,Further,White,English,NA,NA,38,6,35,0.45,2.2
R_1EfWPfERmdGhkXx,FALSE,100,2023-02-18T11:32:15Z,3037,19,Male,Further,White,English,NA,NA,35,8,53,0.85,7.6
R_22sQu18KdbJE2M2,FALSE,100,2023-02-18T12:18:59Z,1940,18,Male,Further,White,English,NA,NA,28,6,46,0.65,6
R_3dSxAMenRBasG6T,FALSE,100,2023-02-19T12:03:18Z,1302,18,Female,Further,White,English,NA,NA,30,9,40,0.65,7.4
R_3oAtOWDl5UWdoiR,FALSE,100,2023-02-19T13:58:15Z,1136,20,Female,Further,White,English,NA,NA,31,6,47,0.85,6.4
R_3ssvBfCTDqNcTnC,FALSE,100,2023-02-19T15:37:39Z,1025,18,Female,Further,White,English,NA,NA,30,7,38,0.8,5.4
R_2VCoQnXXt7gU5jj,FALSE,100,2023-02-19T17:13:51Z,1374,18,Female,Further,White,English,NA,NA,30,12,55,0.85,7.8
R_3qQgie3OquuL50F,FALSE,100,2023-02-19T14:37:36Z,45755,18,Male,Higher,White,English,NA,NA,25,3,37,0.55,4.6
R_1gUdyGxmN1z0AaF,FALSE,100,2023-02-20T03:18:26Z,1998,18,Female,Further,Mixed,English,NA,NA,30,8,50,0.85,5.2
R_dbVofS0C0OAU7pn,FALSE,100,2023-02-20T03:56:52Z,1473,18,Non-Binary,Further,Mixed,Other,Japanese,3,36,8,46,0.8,8
R_3n3pIjZyUn4KcpK,FALSE,100,2023-02-20T03:52:47Z,2020,19,Female,Further,Mixed,English,NA,NA,35,9,45,0.7,8.2
R_0TG0K81RI5L8a3f,FALSE,100,2023-02-20T03:36:57Z,3736,19,Non-Binary,Further,White,English,NA,NA,30,10,48,0.8,5.6
R_CkqX3z3HdSW0nDj,FALSE,100,2023-02-20T05:37:16Z,1908,19,Female,Further,White,English,NA,NA,35,9,54,0.95,8
R_3kzfrNEvng97tRn,FALSE,100,2023-02-20T06:00:34Z,1044,19,Male,Further,White,English,NA,NA,33,11,42,0.7,7.6
R_brNJ4MR71d1TAad,FALSE,100,2023-02-20T05:57:30Z,1656,20,Non-Binary,Further,White,Other,welsh,3,37,8,41,0.65,6.8
R_8oBkzVfynkWJECR,FALSE,100,2023-02-20T06:34:40Z,1237,19,Female,Further,White,English,NA,NA,31,6,47,0.55,5.8
R_2CZjODyhlZvSunI,FALSE,100,2023-02-20T07:23:26Z,964,20,Female,Further,White,English,NA,NA,38,8,58,0.85,5.6
R_1H5yUFkJIWcLeGK,FALSE,100,2023-02-20T07:04:16Z,2393,19,Female,Further,White,English,NA,NA,30,10,39,0.65,6.2
R_3oLYXE4D1wmjux4,FALSE,100,2023-02-20T07:28:18Z,1441,19,Female,Further,White,English,NA,NA,29,8,42,0.7,6
R_1NqV3BPamGWV3P3,FALSE,100,2023-02-20T03:10:33Z,18726,19,Female,Further,White,English,NA,NA,24,6,49,0.85,8
R_1kOd1AC38tNjYak,FALSE,100,2023-02-20T08:10:07Z,1003,19,Female,Further,White,English,NA,NA,32,12,40,0.75,5.6
R_3O8Q2sWuqAOIpqK,FALSE,100,2023-02-20T07:46:01Z,3071,18,Female,Further,White,English,NA,NA,32,10,51,0.95,6.2
R_6mtRBj2si5mdXrP,FALSE,100,2023-02-20T09:11:10Z,1496,18,Female,Further,White,English,NA,NA,29,8,54,0.7,6.2
R_1jfwERLlKUapmNc,FALSE,100,2023-02-20T09:37:39Z,1424,18,Female,Further,White,English,NA,NA,36,5,56,0.9,7.6
R_OfF43GPWPnurkhH,FALSE,100,2023-02-20T13:24:34Z,2744,18,Female,Further,Asian,English,NA,NA,28,5,52,0.6,6.8
R_1iezdXmtvLmnxvc,FALSE,100,2023-02-20T14:06:04Z,1462,18,Female,Further,White,English,NA,NA,37,13,54,0.8,7.4
R_3EbSHI1A8Wq0My0,FALSE,100,2023-02-20T14:14:12Z,1390,22,Non-Binary,Further,White,English,NA,NA,36,10,55,0.95,7.4
R_3PsJCQHYE3eZ6To,FALSE,100,2023-02-20T14:13:52Z,2300,19,Male,Further,White,English,NA,NA,40,9,40,0.9,6.2
R_zYcCAT50bTLqO2Z,FALSE,100,2023-02-20T14:28:31Z,2078,18,Female,Further,White,English,NA,NA,33,7,49,0.75,6.2
R_UF4cVUBKyf7rdp7,FALSE,100,2023-02-20T15:16:49Z,1109,19,Female,Further,White,English,NA,NA,33,11,50,0.5,6
R_2QS2NeAH1RpoTtU,FALSE,100,2023-02-20T15:41:22Z,2991,19,Female,Further,White,English,NA,NA,30,6,49,0.5,2.8
R_337o27cHmUY7EwO,FALSE,100,2023-02-20T11:37:07Z,17943,20,Female,Further,White,English,NA,NA,32,9,42,0.7,6
R_3DnprPvtzDNPFAN,FALSE,100,2023-02-20T16:16:36Z,1453,18,Female,Further,Asian,English,NA,NA,33,7,47,0.65,8.4
R_2YFzfILlwkhMrpp,FALSE,100,2023-02-20T16:38:56Z,1019,18,Female,Further,White,English,NA,NA,35,11,41,0.7,6.2
R_QhuJccB64xdO8WR,FALSE,100,2023-02-20T18:28:53Z,1106,19,Female,Further,White,English,NA,NA,31,7,37,0.85,3
R_1cTiAgZYiMdht3c,FALSE,100,2023-02-20T03:42:31Z,55729,19,Female,Further,White,English,NA,NA,30,7,53,0.7,4
R_3meLscM3t1l1Pmr,FALSE,100,2023-02-21T01:14:55Z,1915,19,Female,Further,White,English,NA,NA,36,10,58,0.9,7.2
R_2tytlTWcmaslHCc,FALSE,100,2023-02-21T01:30:17Z,1495,20,Female,Further,White,English,NA,NA,28,10,47,0.45,6.8
R_1Fy5qdkYhgENzVS,FALSE,100,2023-02-21T01:38:47Z,1270,18,Female,Further,White,English,NA,NA,39,7,52,0.95,7.6
R_DGo66vTWbJYHZFn,FALSE,100,2023-02-21T02:12:50Z,696,18,Female,Further,White,English,NA,NA,31,8,39,0.55,4.8
R_3J8X1FkM53Y9mf2,FALSE,100,2023-02-21T01:52:35Z,2222,18,Non-Binary,Further,White,English,NA,NA,31,10,60,0.45,5.8
R_3saCiKx3PXLMLnG,FALSE,100,2023-02-21T02:45:55Z,661,18,Female,Secondary,White,English,NA,NA,28,6,48,0.7,7
R_2QR0bM0QpFe4riw,FALSE,100,2023-02-21T02:48:22Z,1735,18,Female,Further,White,English,NA,NA,35,9,43,0.85,6.8
R_1pPYHDvji6sjlmr,FALSE,100,2023-02-21T03:10:13Z,1617,19,Female,Further,White,English,NA,NA,35,11,44,0.75,8.2
R_unbeTYBVo4p3L1f,FALSE,100,2023-02-21T03:23:20Z,962,19,Female,Further,White,English,NA,NA,33,9,58,0.75,7.6
R_1P59ZLlH2pOhdMF,FALSE,100,2023-02-21T04:05:14Z,1148,18,Male,Further,White,English,NA,NA,33,8,47,0.75,7.6
R_22Rd1psBs8PDCE0,FALSE,100,2023-02-21T03:32:40Z,3192,19,Female,Further,White,English,NA,NA,35,10,50,0.85,8.2
R_3ozKJmib2TCIePm,FALSE,100,2023-02-21T04:01:15Z,4296,18,Female,Further,White,English,NA,NA,22,7,41,0.55,5.6
R_1OMMxoAU6uKt5uQ,FALSE,100,2023-02-21T04:47:58Z,1506,21,Female,Further,White,English,NA,NA,31,7,44,0.8,3.2
R_3rVDt0tGsBU6rxG,FALSE,100,2023-02-21T05:03:57Z,1360,19,Female,Further,White,English,NA,NA,36,11,53,0.8,7.6
R_RwczvjSFkEndOxP,FALSE,100,2023-02-21T05:00:28Z,1744,18,Female,Further,White,English,NA,NA,33,12,53,0.9,7.8
R_1eWzwu8arxbaNKG,FALSE,100,2023-02-21T04:51:48Z,3599,18,Female,Further,Asian,Other,Cantonese,3,40,8,52,0.75,7.2
R_2Seq2vpRmfPwZM5,FALSE,100,2023-02-21T05:27:28Z,2294,18,Female,Secondary,Asian,Other,cantonese,2,33,12,36,0.55,7.8
R_3ISsqxT0jqcNLbC,FALSE,100,2023-02-21T09:41:26Z,7022,19,Female,Further,White,English,NA,NA,28,1,48,0.55,6.6
R_1n9gdelNJRDM8Nt,FALSE,100,2023-02-22T06:33:25Z,1456,20,Prefer-not-say,Further,Mixed,English,NA,NA,33,8,48,0.7,8.2
R_3qDx8jJZnW1diTz,FALSE,100,2023-02-22T07:52:42Z,1181,18,Female,Further,White,English,NA,NA,29,8,44,0.65,5.6
R_1n6NEc6PeO3tIsT,FALSE,100,2023-02-22T08:35:55Z,1598,19,Female,Further,Asian,Other,Chinese,2,38,5,50,0.85,7
R_2tmpp18kp7I0xAx,FALSE,100,2023-02-22T10:56:29Z,1629,18,Female,Further,White,English,NA,NA,39,9,50,0.8,6.2
R_1kOJ2YfHZGZXJO4,FALSE,100,2023-02-22T11:01:08Z,4065,18,Female,Further,White,English,NA,NA,33,9,44,0.6,5.8
R_24ipCiz20FU2xfN,FALSE,100,2023-02-22T11:34:45Z,3077,19,Female,Further,Asian,Other,Mandarin,3,34,5,54,0.95,7.8
R_6ofbWAaYPUPOOXf,FALSE,100,2023-02-22T17:02:19Z,1044,18,Non-Binary,Further,White,English,NA,NA,37,6,51,0.9,9
R_x2V6UU6TNlu0zZL,FALSE,100,2023-02-22T21:11:15Z,1813,18,Female,Further,White,English,NA,NA,31,10,41,0.65,5.8
R_2QKUlxBqHtbqDaa,FALSE,100,2023-02-23T01:57:45Z,1492,19,Female,Further,White,English,NA,NA,35,11,47,0.8,6
R_2UckwfTSJL7rG2U,FALSE,100,2023-02-23T06:43:36Z,907,19,Female,Further,White,English,NA,NA,28,9,37,0.7,6.6
R_2Pjn6hVGfqQM3Y4,FALSE,100,2023-02-25T02:57:40Z,2379,22,Female,Further,White,English,NA,NA,31,13,46,0.7,8.2
R_1QtqjygM6Aa4NCT,FALSE,100,2023-02-26T09:56:00Z,2900,18,Male,Further,White,English,NA,NA,39,10,53,0.9,7.2
R_xu8DraORrw002WJ,FALSE,100,2023-02-26T11:32:10Z,1127,19,Male,Further,Mixed,English,NA,NA,38,9,49,0.85,7.2
R_1BW0oMtS3l9Vmgr,FALSE,100,2023-02-26T12:01:29Z,3140,18,Female,Further,White,English,NA,NA,34,10,48,0.95,6
R_2xKurDQlAnJpD5J,FALSE,100,2023-02-27T03:01:59Z,826,18,Female,Further,Asian,English,NA,NA,28,5,45,0.4,7.4
R_2Bo06D2iGsUFFrw,FALSE,100,2023-02-27T06:27:10Z,1261,20,Female,Secondary,White,English,NA,NA,33,11,53,0.8,7.4
R_3HtTVyW2mzkQKoB,FALSE,100,2023-02-27T10:50:47Z,1037,18,Male,Further,White,English,NA,NA,29,10,38,0.4,5.6
R_2uCk400bzzaR9Ze,FALSE,100,2023-02-27T11:03:11Z,1318,19,Female,Further,White,English,NA,NA,34,9,44,0.75,6.8
R_272UgWDDGtVdDBW,FALSE,100,2023-02-20T17:53:20Z,599367,19,Female,Further,Asian,English,NA,NA,28,10,42,0.6,4.4
R_3Pvo7oz28nIpCHp,FALSE,100,2023-02-28T02:23:42Z,1468,19,Female,Secondary,White,English,NA,NA,33,6,47,0.85,7.6
R_1q8PrNqqhxYTIVq,FALSE,100,2023-02-28T02:50:00Z,1418,18,Female,Further,White,English,NA,NA,37,9,51,0.65,8
R_3lS9MbgZa5Sac52,FALSE,100,2023-02-28T05:18:38Z,1463,19,Female,Further,White,English,NA,NA,28,6,45,0.75,4.8
R_3J4rISzP5hMROiv,FALSE,100,2023-02-28T05:59:19Z,2820,19,Female,Further,White,English,NA,NA,32,6,36,0.7,6
R_3nk2OPhMjI3UzUJ,FALSE,100,2023-02-28T17:48:22Z,2737,19,Female,Further,White,English,NA,NA,40,7,51,0.65,7.4
R_1LYcRSXItWOWX0N,FALSE,100,2023-03-01T18:51:50Z,1804,19,Female,Further,White,English,NA,NA,25,6,38,0.6,5.6
R_2D1ez0s3o4CI9Ws,FALSE,100,2023-03-03T12:18:34Z,1358,18,Female,Further,White,English,NA,NA,32,6,49,0.8,6.8
R_2tgkPtVnIj0HOLo,FALSE,100,2023-03-03T15:16:31Z,2596,18,Female,Secondary,Asian,Other,Cantonese,3,38,9,40,0.9,6
R_2YXRZIn1G64fdqD,FALSE,100,2023-03-04T06:58:39Z,977,19,Female,Further,White,English,NA,NA,35,10,49,0.85,7.6
R_82HPykRZOUI0h21,FALSE,100,2023-03-04T11:49:41Z,865,18,Female,Further,White,English,NA,NA,28,10,45,0.85,7.6
R_1GNQ7atHinWlH38,FALSE,100,2023-03-05T09:57:56Z,28457,18,Male,Further,White,English,NA,NA,29,7,50,0.85,4.8
R_3NIHu6N6VybUrfZ,FALSE,100,2023-03-06T12:19:11Z,2986,19,Female,Further,White,English,NA,NA,33,8,45,0.65,7.4
